{
  "total_steps": 15,
  "average_loss": 4.825045728683472,
  "loss_history": [
    13.410584449768066,
    12.269354820251465,
    8.39354133605957,
    7.7026777267456055,
    7.477694034576416,
    8.059881210327148,
    3.6284425258636475,
    3.029763698577881,
    1.8871837854385376,
    1.4341291189193726,
    1.1921207904815674,
    1.0360438823699951,
    0.6658176183700562,
    1.106804609298706,
    1.0816463232040405
  ],
  "training_time_seconds": 7.143927574157715,
  "trainable_params": 38543744,
  "total_params": 494032768,
  "static_weight_ratio": 0.9,
  "final_test_input": "你好",
  "final_test_output": "user\n你好\nassistant\n你好！有什么我可以帮助你的吗？"
}