{"training_time": "2026-03-10T05:13:54.592761", "data_count": 16, "best_loss": 0.03468369698384777}